<?xml version="1.0" encoding="UTF-8"?>

<beans xmlns="http://www.springframework.org/schema/beans"
 xmlns:xsi="http://www.w3.org/2001/XMLSchema-instance"
 xmlns:context="http://www.springframework.org/schema/context"
 xmlns:p="http://www.springframework.org/schema/p"
 xsi:schemaLocation="http://www.springframework.org/schema/beans
 http://www.springframework.org/schema/beans/spring-beans.xsd
 http://www.springframework.org/schema/context
 http://www.springframework.org/schema/context/spring-context.xsd">
 
  <bean name="emp1" class="com.basic.collections.Emp">
  <property name="name" value="Kunal"/>
   
   <property name="phones">
     <list>
        <value>8982222679</value>
        <value>8770072227</value>
     </list>
   </property>
   
   <property name="address">
     <set>
        <value>tirumala pride</value>
        <value>Indore</value>
     </set>
   </property>
  
    <property name="courses">
    <map>
     <entry key="Java" value="2months" />
    <entry key="Python" value="1month" />
    
    </map>
    </property>
  
  </bean>
         
</beans>
