<?xml version="1.0" encoding="UTF-8"?>

<beans xmlns="http://www.springframework.org/schema/beans"
 xmlns:xsi="http://www.w3.org/2001/XMLSchema-instance"
 xmlns:context="http://www.springframework.org/schema/context"
 xmlns:p="http://www.springframework.org/schema/p"
 xmlns:c="http://www.springframework.org/schema/c"
 xsi:schemaLocation="http://www.springframework.org/schema/beans
 http://www.springframework.org/schema/beans/spring-beans.xsd
 http://www.springframework.org/schema/context
 http://www.springframework.org/schema/context/spring-context.xsd">
 
 
   <bean class="com.basic.ci.Certi" name="cer" c:name="Full Stack Developer" />
   <!-- <constructor-arg value="Full Stack Developer"/> -->
 
 <!-- </bean> -->
   <bean class="com.basic.ci.Person" name="person">
   <constructor-arg value="Kunal"/>
   <!-- <value>Kunal</value> -->
   <constructor-arg value="11" type="int"/>
   <constructor-arg ref="cer"></constructor-arg>
   </bean>
   
   <bean class="com.basic.ci.Addition" name="add">
   <constructor-arg value="10" index="1" ></constructor-arg>
   <constructor-arg value="11" index="0" ></constructor-arg>
   </bean>
</beans>
