<?xml version="1.0" encoding="UTF-8"?>

<beans xmlns="http://www.springframework.org/schema/beans"
 xmlns:xsi="http://www.w3.org/2001/XMLSchema-instance"
 xmlns:context="http://www.springframework.org/schema/context"
 xmlns:p="http://www.springframework.org/schema/p"
 xmlns:util="http://www.springframework.org/schema/util"
 xsi:schemaLocation="http://www.springframework.org/schema/beans
 http://www.springframework.org/schema/beans/spring-beans.xsd
 http://www.springframework.org/schema/context
 http://www.springframework.org/schema/context/spring-context.xsd
 http://www.springframework.org/schema/util
 http://www.springframework.org/schema/util/spring-util.xsd">
 
 
 <!--Standalone List  -->
 
 <util:list list-class="java.util.Vector" id="bff"><!--ap jo object bnaoge kis class ka hoga  -->

      <value>Jayesh</value>
      <value>Ravi</value>
      <value>Aman</value>
       <value>Anit</value>
   
</util:list>

<!--Standalone Map  -->
      <util:map map-class="java.util.TreeMap" id="fee">

         <entry key="Java " value="5000" />
         <entry key="Python " value="3500" />
         <entry key="C" value="2000" />
         
</util:map>
 
 
   <bean class="com.basic.standalone.Person" name="person1">
   
  <!--   <property name="friends">
    <ref bean="bff"/>  
   </property> -->
   
   <property name="friends" ref="bff"/>
   <property name="feestructure" ref="fee"/>
   </bean>
</beans>
